feature,VIF
PC_1,1.0447114263280715
PC_2,1.0061785910956362
PC_3,1.027116374507757
PC_4,1.0323435878287284
PC_5,1.001646563899294
PC_6,1.0457840813953394
PC_7,1.0186366576760917
PC_8,1.0053288441947406
PC_9,1.0188658618743884
PC_10,1.0131048767585058
PC_11,1.0213166759046226
PC_12,1.0267087573798501
Dislike,1.0609938811513107
Like,1.1204989446634084
Share,1.1004217032505432
Flag,1.1540797613438574
